fixed acidity,volatile acidity,citric acid,residual sugar,chlorides,free sulfur dioxide,total sulfur dioxide,density,pH,sulphates,alcohol
6.854787668436075,0.27824111882401087,0.33419150673743736,6.391414863209486,0.0457723560636995,35.30808493262556,138.36065741118824,0.9940273764801896,3.1882666394446693,0.4898468762760325,10.514267047774638
0.8438682276875188,0.10079454842486428,0.12101980420298301,5.072057784014864,0.02184796809372882,17.007137325232566,42.49806455414294,0.0029909069169369354,0.1510005996150667,0.11412583394883138,1.2306205677573183
